<?xml version="1.0"?>
<!DOCTYPE hibernate-mapping PUBLIC "-//Hibernate/Hibernate Mapping DTD 3.0//EN"
"http://hibernate.sourceforge.net/hibernate-mapping-3.0.dtd">
<!-- Generated Jul 8, 2012 1:31:08 AM by Hibernate Tools 3.4.0.CR1 -->
<hibernate-mapping>
    <class name="BusinessData" table="Business_Data" catalog="ims">
        <id name="id" type="java.lang.Integer">
            <column name="id" />
            <generator class="identity" />
        </id>
        <property name="businessDataReferenceId" type="int">
            <column name="Business_Data_Reference_id" not-null="true" />
        </property>
        <property name="userRoleScreenElementId" type="int">
            <column name="User_Role_Screen_Element_id" not-null="true" />
        </property>
        <property name="value1" type="string">
            <column name="value1" />
        </property>
    </class>
</hibernate-mapping>
