<?xml version="1.0"?>
<!DOCTYPE hibernate-mapping PUBLIC "-//Hibernate/Hibernate Mapping DTD 3.0//EN"
"http://hibernate.sourceforge.net/hibernate-mapping-3.0.dtd">
<!-- Generated Jul 8, 2012 1:31:08 AM by Hibernate Tools 3.4.0.CR1 -->
<hibernate-mapping>
    <class name="CollectionSetupData" table="Collection_Setup_Data" catalog="ims">
        <id name="id" type="java.lang.Integer">
            <column name="id" />
            <generator class="identity" />
        </id>
        <property name="collectionReferenceId" type="int">
            <column name="Collection_Reference_id" not-null="true" />
        </property>
        <property name="collectionTypeId" type="int">
            <column name="Collection_Type_id" not-null="true" />
        </property>
        <property name="durationTypeId" type="int">
            <column name="Duration_Type_id" not-null="true" />
        </property>
        <property name="collectionReferenceFieldId" type="java.lang.Integer">
            <column name="collection_reference_field_id" />
        </property>
        <property name="startDate" type="date">
            <column name="start_date" length="10" />
        </property>
        <property name="lastDate" type="date">
            <column name="last_date" length="10" />
        </property>
        <property name="amount" type="java.lang.Integer">
            <column name="amount" />
        </property>
    </class>
</hibernate-mapping>
