<?xml version="1.0"?>
<!DOCTYPE hibernate-mapping PUBLIC "-//Hibernate/Hibernate Mapping DTD 3.0//EN"
"http://hibernate.sourceforge.net/hibernate-mapping-3.0.dtd">
<!-- Generated Jul 8, 2012 1:31:08 AM by Hibernate Tools 3.4.0.CR1 -->
<hibernate-mapping>
    <class name="Collection" table="Collection" catalog="ims">
        <id name="id" type="java.lang.Integer">
            <column name="id" />
            <generator class="identity" />
        </id>
        <property name="collectionModeId" type="int">
            <column name="Collection_Mode_id" not-null="true" />
        </property>
        <property name="instituteBranchTenureUserId" type="int">
            <column name="Institute_Branch_Tenure_User_id" not-null="true" />
        </property>
        <property name="durationTypeId" type="int">
            <column name="Duration_Type_id" not-null="true" />
        </property>
        <property name="collectionStatusId" type="int">
            <column name="Collection_Status_id" not-null="true" />
        </property>
        <property name="collectionSetupDataId" type="int">
            <column name="Collection_Setup_Data_id" not-null="true" />
        </property>
    </class>
</hibernate-mapping>
