<?xml version="1.0"?>
<!DOCTYPE hibernate-mapping PUBLIC "-//Hibernate/Hibernate Mapping DTD 3.0//EN"
"http://hibernate.sourceforge.net/hibernate-mapping-3.0.dtd">
<!-- Generated Jul 8, 2012 1:31:08 AM by Hibernate Tools 3.4.0.CR1 -->
<hibernate-mapping>
    <class name="UserRoleScreenElement" table="User_Role_Screen_Element" catalog="ims">
        <id name="id" type="java.lang.Integer">
            <column name="id" />
            <generator class="identity" />
        </id>
        <property name="ruleId" type="int">
            <column name="Rule_id" not-null="true" />
        </property>
        <property name="permissionId" type="int">
            <column name="Permission_id" not-null="true" />
        </property>
        <property name="moduleScreenElementId" type="int">
            <column name="Module_Screen_Element_id" not-null="true" />
        </property>
        <property name="userRoleInstituteBranchModuleId" type="int">
            <column name="User_Role_Institute_Branch_Module_id" not-null="true" />
        </property>
    </class>
</hibernate-mapping>
