<?xml version="1.0" encoding="UTF-8"?>
<!DOCTYPE hibernate-reverse-engineering PUBLIC "-//Hibernate/Hibernate Reverse Engineering DTD 3.0//EN" "http://hibernate.sourceforge.net/hibernate-reverse-engineering-3.0.dtd" >

<hibernate-reverse-engineering>
  <table-filter match-schema="ims" match-name=".*"/>
  <table-filter match-catalog="ims" match-name="Academic"/>
  <table-filter match-catalog="ims" match-name="Academic_Program"/>
  <table-filter match-catalog="ims" match-name="Academic_Program_Course"/>
  <table-filter match-catalog="ims" match-name="Business_Data"/>
  <table-filter match-catalog="ims" match-name="Business_Fields"/>
  <table-filter match-catalog="ims" match-name="Collection"/>
  <table-filter match-catalog="ims" match-name="Collection_Mode"/>
  <table-filter match-catalog="ims" match-name="Collection_Reference"/>
  <table-filter match-catalog="ims" match-name="Collection_Setup_Data"/>
  <table-filter match-catalog="ims" match-name="Collection_Status"/>
  <table-filter match-catalog="ims" match-name="Collection_Type"/>
  <table-filter match-catalog="ims" match-name="Course"/>
  <table-filter match-catalog="ims" match-name="Duration_Type"/>
  <table-filter match-catalog="ims" match-name="Institute"/>
  <table-filter match-catalog="ims" match-name="Institute_Branch"/>
  <table-filter match-catalog="ims" match-name="Institute_Branch_Academic_Program"/>
  <table-filter match-catalog="ims" match-name="Institute_Branch_Module"/>
  <table-filter match-catalog="ims" match-name="Institute_Branch_Tenure"/>
  <table-filter match-catalog="ims" match-name="Institute_Branch_Tenure_User"/>
  <table-filter match-catalog="ims" match-name="Institute_Branch_User_Academic_Program"/>
  <table-filter match-catalog="ims" match-name="Module"/>
  <table-filter match-catalog="ims" match-name="Module_Screen"/>
  <table-filter match-catalog="ims" match-name="Module_Screen_Element"/>
  <table-filter match-catalog="ims" match-name="Permission"/>
  <table-filter match-catalog="ims" match-name="Role"/>
  <table-filter match-catalog="ims" match-name="Role_Institute_Branch_Module"/>
  <table-filter match-catalog="ims" match-name="Role_Type"/>
  <table-filter match-catalog="ims" match-name="Rule"/>
  <table-filter match-catalog="ims" match-name="Tenure"/>
  <table-filter match-catalog="ims" match-name="Tenure_Academic_Program_Course"/>
  <table-filter match-catalog="ims" match-name="Transaction"/>
  <table-filter match-catalog="ims" match-name="Transaction_Type"/>
  <table-filter match-catalog="ims" match-name="Transaction_Type_Detail"/>
  <table-filter match-catalog="ims" match-name="User_Profile"/>
  <table-filter match-catalog="ims" match-name="User_Role_Institute_Branch_Module"/>
  <table-filter match-catalog="ims" match-name="User_Role_Screen_Element"/>
  <table-filter match-catalog="ims" match-name="Users"/>
</hibernate-reverse-engineering>