<?xml version="1.0"?>
<!DOCTYPE hibernate-mapping PUBLIC "-//Hibernate/Hibernate Mapping DTD 3.0//EN"
"http://hibernate.sourceforge.net/hibernate-mapping-3.0.dtd">
<!-- Generated Jul 15, 2012 5:12:06 PM by Hibernate Tools 3.4.0.CR1 -->
<hibernate-mapping>
    <class name="AcademicProgram" table="Academic_Program" catalog="ims2">
        <id name="id" type="java.lang.Integer">
            <column name="id" />
            <generator class="identity" />
        </id>
        <many-to-one name="academic" class="Academic" fetch="select">
            <column name="Academic_id" not-null="true" />
        </many-to-one>
        <set name="academicProgramCourses" table="Academic_Program_Course" inverse="true" lazy="true" fetch="select">
            <key>
                <column name="Academic_Program_id" not-null="true" />
            </key>
            <one-to-many class="AcademicProgramCourse" />
        </set>
        <set name="instituteBranchAcademicPrograms" table="Institute_Branch_Academic_Program" inverse="true" lazy="true" fetch="select">
            <key>
                <column name="Academic_Program_id" not-null="true" />
            </key>
            <one-to-many class="InstituteBranchAcademicProgram" />
        </set>
    </class>
</hibernate-mapping>
