<?xml version="1.0"?>
<!DOCTYPE hibernate-mapping PUBLIC "-//Hibernate/Hibernate Mapping DTD 3.0//EN"
"http://hibernate.sourceforge.net/hibernate-mapping-3.0.dtd">
<!-- Generated Jul 15, 2012 5:12:06 PM by Hibernate Tools 3.4.0.CR1 -->
<hibernate-mapping>
    <class name="BusinessDataReference" table="Business_Data_Reference" catalog="ims2">
        <id name="id" type="java.lang.Integer">
            <column name="id" />
            <generator class="identity" />
        </id>
        <property name="name" type="string">
            <column name="name" />
        </property>
        <set name="businessDatas" table="Business_Data" inverse="true" lazy="true" fetch="select">
            <key>
                <column name="Business_Data_Reference_id" not-null="true" />
            </key>
            <one-to-many class="BusinessData" />
        </set>
    </class>
</hibernate-mapping>
