<?xml version="1.0"?>
<!DOCTYPE hibernate-mapping PUBLIC "-//Hibernate/Hibernate Mapping DTD 3.0//EN"
"http://hibernate.sourceforge.net/hibernate-mapping-3.0.dtd">
<!-- Generated Jul 15, 2012 5:12:06 PM by Hibernate Tools 3.4.0.CR1 -->
<hibernate-mapping>
    <class name="CollectionMode" table="Collection_Mode" catalog="ims2">
        <id name="id" type="java.lang.Integer">
            <column name="id" />
            <generator class="identity" />
        </id>
        <set name="collections" table="Collection" inverse="true" lazy="true" fetch="select">
            <key>
                <column name="Collection_Mode_id" not-null="true" />
            </key>
            <one-to-many class="Collection" />
        </set>
    </class>
</hibernate-mapping>
