<?xml version="1.0"?>
<!DOCTYPE hibernate-mapping PUBLIC "-//Hibernate/Hibernate Mapping DTD 3.0//EN"
"http://hibernate.sourceforge.net/hibernate-mapping-3.0.dtd">
<!-- Generated Jul 15, 2012 5:12:06 PM by Hibernate Tools 3.4.0.CR1 -->
<hibernate-mapping>
    <class name="InstituteBranchAcademicProgram" table="Institute_Branch_Academic_Program" catalog="ims2">
        <id name="id" type="java.lang.Integer">
            <column name="id" />
            <generator class="identity" />
        </id>
        <many-to-one name="academicProgram" class="AcademicProgram" fetch="select">
            <column name="Academic_Program_id" not-null="true" />
        </many-to-one>
        <many-to-one name="instituteBranch" class="InstituteBranch" fetch="select">
            <column name="Institute_Branch_id" not-null="true" />
        </many-to-one>
    </class>
</hibernate-mapping>
