<?xml version="1.0"?>
<!DOCTYPE hibernate-mapping PUBLIC "-//Hibernate/Hibernate Mapping DTD 3.0//EN"
"http://hibernate.sourceforge.net/hibernate-mapping-3.0.dtd">
<!-- Generated Jul 15, 2012 5:12:06 PM by Hibernate Tools 3.4.0.CR1 -->
<hibernate-mapping>
    <class name="InstituteBranchTenure" table="Institute_Branch_Tenure" catalog="ims2">
        <id name="id" type="java.lang.Integer">
            <column name="id" />
            <generator class="identity" />
        </id>
        <many-to-one name="tenure" class="Tenure" fetch="select">
            <column name="Tenure_id" not-null="true" />
        </many-to-one>
        <many-to-one name="instituteBranch" class="InstituteBranch" fetch="select">
            <column name="Institute_Branch_id" not-null="true" />
        </many-to-one>
        <set name="tenureAcademicProgramCourses" table="Tenure_Academic_Program_Course" inverse="true" lazy="true" fetch="select">
            <key>
                <column name="Institute_Branch_Tenure_id" not-null="true" />
            </key>
            <one-to-many class="TenureAcademicProgramCourse" />
        </set>
        <set name="instituteBranchTenureUsers" table="Institute_Branch_Tenure_User" inverse="true" lazy="true" fetch="select">
            <key>
                <column name="Institute_Branch_Tenure_id" not-null="true" />
            </key>
            <one-to-many class="InstituteBranchTenureUser" />
        </set>
    </class>
</hibernate-mapping>
