<?xml version="1.0"?>
<!DOCTYPE hibernate-mapping PUBLIC "-//Hibernate/Hibernate Mapping DTD 3.0//EN"
"http://hibernate.sourceforge.net/hibernate-mapping-3.0.dtd">
<!-- Generated Jul 15, 2012 5:12:06 PM by Hibernate Tools 3.4.0.CR1 -->
<hibernate-mapping>
    <class name="InstituteBranchUserAcademicProgram" table="Institute_Branch_User_Academic_Program" catalog="ims2">
        <id name="id" type="java.lang.Integer">
            <column name="id" />
            <generator class="identity" />
        </id>
        <many-to-one name="instituteBranchTenureUser" class="InstituteBranchTenureUser" fetch="select">
            <column name="Institute_Branch_Tenure_User_id" not-null="true" />
        </many-to-one>
        <many-to-one name="tenureAcademicProgramCourse" class="TenureAcademicProgramCourse" fetch="select">
            <column name="Tenure_Academic_Program_Course_id" not-null="true" />
        </many-to-one>
    </class>
</hibernate-mapping>
