<?xml version="1.0"?>
<!DOCTYPE hibernate-mapping PUBLIC "-//Hibernate/Hibernate Mapping DTD 3.0//EN"
"http://hibernate.sourceforge.net/hibernate-mapping-3.0.dtd">
<!-- Generated Jul 15, 2012 5:12:06 PM by Hibernate Tools 3.4.0.CR1 -->
<hibernate-mapping>
    <class name="InstituteBranch" table="Institute_Branch" catalog="ims2">
        <id name="id" type="java.lang.Integer">
            <column name="id" />
            <generator class="identity" />
        </id>
        <many-to-one name="institute" class="Institute" fetch="select">
            <column name="Institute_id" not-null="true" />
        </many-to-one>
        <set name="instituteBranchTenures" table="Institute_Branch_Tenure" inverse="true" lazy="true" fetch="select">
            <key>
                <column name="Institute_Branch_id" not-null="true" />
            </key>
            <one-to-many class="InstituteBranchTenure" />
        </set>
        <set name="instituteBranchModules" table="Institute_Branch_Module" inverse="true" lazy="true" fetch="select">
            <key>
                <column name="Institute_Branch_id" not-null="true" />
            </key>
            <one-to-many class="InstituteBranchModule" />
        </set>
        <set name="instituteBranchAcademicPrograms" table="Institute_Branch_Academic_Program" inverse="true" lazy="true" fetch="select">
            <key>
                <column name="Institute_Branch_id" not-null="true" />
            </key>
            <one-to-many class="InstituteBranchAcademicProgram" />
        </set>
    </class>
</hibernate-mapping>
