<?xml version="1.0"?>
<!DOCTYPE hibernate-mapping PUBLIC "-//Hibernate/Hibernate Mapping DTD 3.0//EN"
"http://hibernate.sourceforge.net/hibernate-mapping-3.0.dtd">
<!-- Generated Jul 15, 2012 5:12:06 PM by Hibernate Tools 3.4.0.CR1 -->
<hibernate-mapping>
    <class name="ModuleScreen" table="Module_Screen" catalog="ims2">
        <id name="id" type="java.lang.Integer">
            <column name="id" />
            <generator class="identity" />
        </id>
        <many-to-one name="module" class="Module" fetch="select">
            <column name="Module_id" not-null="true" />
        </many-to-one>
        <set name="moduleScreenElements" table="Module_Screen_Element" inverse="true" lazy="true" fetch="select">
            <key>
                <column name="Module_Screen_id" not-null="true" />
            </key>
            <one-to-many class="ModuleScreenElement" />
        </set>
    </class>
</hibernate-mapping>
