<?xml version="1.0"?>
<!DOCTYPE hibernate-mapping PUBLIC "-//Hibernate/Hibernate Mapping DTD 3.0//EN"
"http://hibernate.sourceforge.net/hibernate-mapping-3.0.dtd">
<!-- Generated Jul 15, 2012 5:12:06 PM by Hibernate Tools 3.4.0.CR1 -->
<hibernate-mapping>
    <class name="Role" table="Role" catalog="ims2">
        <id name="id" type="java.lang.Integer">
            <column name="id" />
            <generator class="identity" />
        </id>
        <many-to-one name="roleType" class="RoleType" fetch="select">
            <column name="Role_Type_id" not-null="true" />
        </many-to-one>
        <set name="roleInstituteBranchModules" table="Role_Institute_Branch_Module" inverse="true" lazy="true" fetch="select">
            <key>
                <column name="Role_id" not-null="true" />
            </key>
            <one-to-many class="RoleInstituteBranchModule" />
        </set>
    </class>
</hibernate-mapping>
