<?xml version="1.0"?>
<!DOCTYPE hibernate-mapping PUBLIC "-//Hibernate/Hibernate Mapping DTD 3.0//EN"
"http://hibernate.sourceforge.net/hibernate-mapping-3.0.dtd">
<!-- Generated Jul 15, 2012 5:12:06 PM by Hibernate Tools 3.4.0.CR1 -->
<hibernate-mapping>
    <class name="UserRoleScreenElement" table="User_Role_Screen_Element" catalog="ims2">
        <id name="id" type="java.lang.Integer">
            <column name="id" />
            <generator class="identity" />
        </id>
        <many-to-one name="userRoleInstituteBranchModule" class="UserRoleInstituteBranchModule" fetch="select">
            <column name="User_Role_Institute_Branch_Module_id" not-null="true" />
        </many-to-one>
        <many-to-one name="permission" class="Permission" fetch="select">
            <column name="Permission_id" not-null="true" />
        </many-to-one>
        <many-to-one name="rule" class="Rule" fetch="select">
            <column name="Rule_id" not-null="true" />
        </many-to-one>
        <many-to-one name="moduleScreenElement" class="ModuleScreenElement" fetch="select">
            <column name="Module_Screen_Element_id" not-null="true" />
        </many-to-one>
        <set name="userProfiles" table="User_Profile" inverse="true" lazy="true" fetch="select">
            <key>
                <column name="User_Role_Screen_Element_id" not-null="true" />
            </key>
            <one-to-many class="UserProfile" />
        </set>
        <set name="businessDatas" table="Business_Data" inverse="true" lazy="true" fetch="select">
            <key>
                <column name="User_Role_Screen_Element_id" not-null="true" />
            </key>
            <one-to-many class="BusinessData" />
        </set>
    </class>
</hibernate-mapping>
